id,Asin,country
1,1015,de
2424796,1015,fr
2,000004458X,de
2424797,000004458X,fr
3,1002198,de
2424798,1002198,fr
2424799,1002791,fr
4980661,1002791,it
4,1002864,de
2424800,1002864,fr
5,1003704,de
2424801,1003704,fr
6,1003763,de
2424802,1003763,fr
2424803,1004271,fr
4980662,1004271,it
7,000101742X,de
2424804,000101742X,fr
8,1017519,de
2424805,1017519,fr
9,000102163X,de
2424806,000102163X,fr
2424807,1022369,fr
4980663,1022369,it
2424808,1022857,fr
4980664,1022857,it
10,1032666,de
2424809,1032666,fr
11,1034677,de
2424810,1034677,fr
12,1034936,de
2424811,1034936,fr
13,1034944,de
2424812,1034944,fr
14,1035002,de
2424813,1035002,fr
15,1035029,de
2424814,1035029,fr
16,1035053,de
7536526,1035053,es
2424815,1035053,fr
17,1035339,de
2424816,1035339,fr
18,1036866,de
7536527,1036866,es
2424817,1036866,fr
19,1037137,de
2424818,1037137,fr
20,1037188,de
2424819,1037188,fr
21,1037994,de
2424820,1037994,fr
22,000103863X,de
2424821,000103863X,fr
23,1039466,de
2424822,1039466,fr
2424823,1040871,fr
4980665,1040871,it
24,1040979,de
2424824,1040979,fr
25,1040987,de
2424825,1040987,fr
26,1041002,de
2424826,1041002,fr
27,1041991,de
2424827,1041991,fr
28,000104317X,de
2424828,000104317X,fr
29,1043331,de
2424829,1043331,fr
30,000104348X,de
2424830,000104348X,fr
31,1043498,de
2424831,1043498,fr
32,1043773,de
2424832,1043773,fr
33,000104396X,de
2424833,000104396X,fr
34,1048325,de
2424834,1048325,fr
35,1049119,de
2424835,1049119,fr
36,1057774,de
2424836,1057774,fr
37,1057790,de
7536528,1057790,es
2424837,1057790,fr
38,1057812,de
7536529,1057812,es
2424838,1057812,fr
39,1057987,de
2424839,1057987,fr
40,1059238,de
2424840,1059238,fr
41,1060619,de
2424841,1060619,fr
42,1060694,de
7536530,1060694,es
2424842,1060694,fr
43,1061305,de
2424843,1061305,fr
44,1063685,de
2424844,1063685,fr
45,1065440,de
2424845,1065440,fr
46,1065548,de
2424846,1065548,fr
47,1066544,de
2424847,1066544,fr
48,1067087,de
2424848,1067087,fr
49,1067311,de
2424849,1067311,fr
7536531,000106875X,es
2424850,000106875X,fr
4980666,000106875X,it
50,1069470,de
2424851,1069470,fr
51,1070991,de
2424852,1070991,fr
52,000107119X,de
2424853,000107119X,fr
53,1072064,de
54,1072226,de
2424854,1072226,fr
55,1072250,de
2424855,1072250,fr
56,1072498,de
2424856,1072498,fr
57,1073389,de
2424857,1073389,fr
58,1073915,de
2424858,1073915,fr
59,1074504,de
2424859,1074504,fr
60,1074954,de
2424860,1074954,fr
61,1075691,de
2424861,1075691,fr
62,1075969,de
2424862,1075969,fr
63,1075977,de
2424863,1075977,fr
64,1077619,de
2424864,1077619,fr
65,1077732,de
2424865,1077732,fr
66,1077988,de
2424866,1077988,fr
67,1078550,de
2424867,1078550,fr
68,1079131,de
2424868,1079131,fr
69,1079875,de
2424869,1079875,fr
70,1080245,de
2424870,1080245,fr
71,1080350,de
2424871,1080350,fr
2424872,1080601,fr
4980667,1080601,it
72,1080814,de
2424873,1080814,fr
2424874,1081373,fr
4980668,1081373,it
73,000108142X,de
7536532,000108142X,es
2424875,000108142X,fr
74,1081470,de
2424876,1081470,fr
75,000108173X,de
2424877,000108173X,fr
2424878,000108299X,fr
4980669,000108299X,it
76,1083309,de
2424879,1083309,fr
77,1083414,de
2424880,1083414,fr
78,1083902,de
2424881,1083902,fr
79,1084615,de
2424882,1084615,fr
80,1084704,de
2424883,1084704,fr
81,1085190,de
2424884,1085190,fr
2424885,1085549,fr
4980670,1085549,it
82,1085727,de
2424886,1085727,fr
2424887,1085840,fr
4980671,1085840,it
2424888,1086413,fr
4980672,1086413,it
83,1086553,de
2424889,1086553,fr
2424890,000108657X,fr
4980673,000108657X,it
84,000108660X,de
2424891,000108660X,fr
85,000108688X,de
2424892,000108688X,fr
86,1087061,de
2424893,1087061,fr
87,1087126,de
2424894,1087126,fr
2424895,1087177,fr
4980674,1087177,it
88,1087320,de
2424896,1087320,fr
89,1087495,de
2424897,1087495,fr
90,1088114,de
2424898,1088114,fr
91,1088335,de
2424899,1088335,fr
2424900,1088351,fr
4980675,1088351,it
92,000108898X,de
2424901,000108898X,fr
2424902,1089013,fr
4980676,1089013,it
93,000108917X,de
2424903,000108917X,fr
94,1089951,de
2424904,1089951,fr
95,1090224,de
2424905,1090224,fr
96,1090283,de
2424906,1090283,fr
97,1090941,de
2424907,1090941,fr
98,1091182,de
2424908,1091182,fr
99,1091425,de
2424909,1091425,fr
100,1091662,de
2424910,1091662,fr
101,1091832,de
2424911,1091832,fr
102,1092006,de
2424912,1092006,fr
103,1092014,de
2424913,1092014,fr
104,1092049,de
2424914,1092049,fr
105,000109212X,de
2424915,000109212X,fr
106,1092138,de
2424916,1092138,fr
107,1092227,de
2424917,1092227,fr
108,1092286,de
2424918,1092286,fr
109,000109257X,de
2424919,000109257X,fr
110,1093002,de
2424920,1093002,fr
111,1093134,de
2424921,1093134,fr
112,1093800,de
2424922,1093800,fr
113,000109453X,de
2424923,000109453X,fr
114,1094556,de
2424924,1094556,fr
115,1094580,de
2424925,1094580,fr
116,1095072,de
2424926,1095072,fr
117,1095293,de
2424927,1095293,fr
118,1095579,de
2424928,1095579,fr
119,1095951,de
2424929,1095951,fr
2424930,1096168,fr
4980677,1096168,it
120,1096303,de
2424931,1096303,fr
121,1096478,de
2424932,1096478,fr
122,1097784,de
2424933,1097784,fr
123,000109825X,de
2424934,000109825X,fr
124,1098284,de
2424935,1098284,fr
125,1098691,de
2424936,1098691,fr
2424937,1099183,fr
4980678,1099183,it
126,1099515,de
2424938,1099515,fr
2424939,1100505,fr
4980679,1100505,it
127,1100726,de
2424940,1100726,fr
128,1100742,de
2424941,1100742,fr
129,1100777,de
2424942,1100777,fr
130,1102249,de
2424943,1102249,fr
131,1103148,de
2424944,1103148,fr
132,1103369,de
2424945,1103369,fr
133,1106538,de
2424946,1106538,fr
134,1106597,de
2424947,1106597,fr
135,1106740,de
2424948,1106740,fr
136,1106775,de
2424949,1106775,fr
137,1106929,de
2424950,1106929,fr
138,1106996,de
2424951,1106996,fr
139,1107046,de
2424952,1107046,fr
140,1107178,de
2424953,1107178,fr
141,1107267,de
2424954,1107267,fr
142,000110733X,de
2424955,000110733X,fr
143,1109596,de
2424956,1109596,fr
144,1109634,de
2424957,1109634,fr
145,1109693,de
2424958,1109693,fr
146,1109723,de
7536533,1109723,es
2424959,1109723,fr
2424960,1112031,fr
4980680,1112031,it
147,000111252X,de
2424961,000111252X,fr
148,1113623,de
2424962,1113623,fr
149,1113844,de
2424963,1113844,fr
150,1115626,de
2424964,1115626,fr
151,1115707,de
2424965,1115707,fr
152,1117823,de
2424966,1117823,fr
153,1120409,de
2424967,1120409,fr
154,1120972,de
2424968,1120972,fr
155,1121790,de
2424969,1121790,fr
156,1123335,de
2424970,1123335,fr
157,1123734,de
2424971,1123734,fr
158,1126334,de
2424972,1126334,fr
159,1126350,de
2424973,1126350,fr
160,1128876,de
2424974,1128876,fr
161,1130072,de
2424975,1130072,fr
162,1130951,de
2424976,1130951,fr
163,1131273,de
2424977,1131273,fr
164,1131427,de
2424978,1131427,fr
165,1132814,de
2424979,1132814,fr
166,1133705,de
2424980,1133705,fr
167,1137727,de
2424981,1137727,fr
168,1137999,de
2424982,1137999,fr
169,1138235,de
2424983,1138235,fr
170,1139371,de
2424984,1139371,fr
171,1139398,de
2424985,1139398,fr
2424986,1140795,fr
4980681,1140795,it
172,1141341,de
7536534,1141341,es
2424987,1141341,fr
173,1144553,de
2424988,1144553,fr
174,1144634,de
2424989,1144634,fr
175,1144685,de
2424990,1144685,fr
176,1145452,de
2424991,1145452,fr
177,1147102,de
2424992,1147102,fr
178,1148516,de
2424993,1148516,fr
179,1149458,de
2424994,1149458,fr
180,1150251,de
2424995,1150251,fr
181,1150456,de
2424996,1150456,fr
2424997,1151827,fr
4980682,1151827,it
182,1152661,de
2424998,1152661,fr
183,1153226,de
2424999,1153226,fr
184,1153234,de
2425000,1153234,fr
185,1154036,de
2425001,1154036,fr
186,000115687X,de
2425002,000115687X,fr
187,1157078,de
2425003,1157078,fr
2425004,1157981,fr
4980683,1157981,it
188,1168061,de
2425005,1168061,fr
189,1168266,de
2425006,1168266,fr
190,1170481,de
2425007,1170481,fr
191,1171135,de
2425008,1171135,fr
192,1171550,de
2425009,1171550,fr
193,1172093,de
2425010,1172093,fr
194,1172484,de
2425011,1172484,fr
195,1177737,de
2425012,1177737,fr
196,1178490,de
2425013,1178490,fr
197,1189662,de
2425014,1189662,fr
198,1190903,de
2425015,1190903,fr
199,1193287,de
2425016,1193287,fr
200,1195883,de
2425017,1195883,fr
201,1199013,de
2425018,1199013,fr
202,1200534,de
2425019,1200534,fr
203,1201344,de
2425020,1201344,fr
204,1202405,de
2425021,1202405,fr
205,1203231,de
2425022,1203231,fr
206,2000970,de
2425023,2000970,fr
207,4130251,de
2425024,4130251,fr
208,4132505,de
2425025,4132505,fr
209,4160177,de
2425026,4160177,fr
210,4160266,de
2425027,4160266,fr
211,4160398,de
2425028,4160398,fr
212,4160401,de
2425029,4160401,fr
213,000416041X,de
2425030,000416041X,fr
214,4160592,de
2425031,4160592,fr
215,4160665,de
2425032,4160665,fr
216,4160673,de
2425033,4160673,fr
217,4160800,de
2425034,4160800,fr
218,4160886,de
2425035,4160886,fr
219,4161041,de
2425036,4161041,fr
220,000416105X,de
2425037,000416105X,fr
221,4161114,de
2425038,4161114,fr
222,4161130,de
2425039,4161130,fr
223,4161149,de
2425040,4161149,fr
224,4161262,de
2425041,4161262,fr
225,4161475,de
2425042,4161475,fr
226,4161858,de
2425043,4161858,fr
227,4161939,de
2425044,4161939,fr
228,4161955,de
2425045,4161955,fr
2425046,000416198X,fr
4980684,000416198X,it
229,4162064,de
2425047,4162064,fr
230,4162072,de
2425048,4162072,fr
231,4162188,de
2425049,4162188,fr
232,4162358,de
2425050,4162358,fr
233,4162552,de
2425051,4162552,fr
234,4162811,de
2425052,4162811,fr
235,4162838,de
2425053,4162838,fr
236,4162854,de
2425054,4162854,fr
237,4163230,de
2425055,4163230,fr
238,4163524,de
2425056,4163524,fr
239,4163583,de
2425057,4163583,fr
4980685,4163583,it
240,4163621,de
2425058,4163621,fr
241,4163737,de
2425059,4163737,fr
242,4163788,de
2425060,4163788,fr
2425061,4163923,fr
4980686,4163923,it
243,4164016,de
2425062,4164016,fr
244,000416413X,de
2425063,000416413X,fr
245,000416444X,de
2425064,000416444X,fr
246,4164474,de
2425065,4164474,fr
247,4164482,de
2425066,4164482,fr
248,4164598,de
2425067,4164598,fr
249,4164830,de
2425068,4164830,fr
250,4164938,de
2425069,4164938,fr
251,000416508X,de
2425070,000416508X,fr
252,000416511X,de
2425071,000416511X,fr
253,4165829,de
2425072,4165829,fr
254,4165845,de
2425073,4165845,fr
255,4166345,de
2425074,4166345,fr
2425075,4166523,fr
4980687,4166523,it
256,4167082,de
2425076,4167082,fr
257,4167384,de
2425077,4167384,fr
258,4167465,de
2425078,4167465,fr
259,4167848,de
2425079,4167848,fr
2425080,000416816X,fr
4980688,000416816X,it
260,4168240,de
2425081,4168240,fr
261,4168275,de
2425082,4168275,fr
262,4168615,de
2425083,4168615,fr
263,4168631,de
2425084,4168631,fr
264,4169115,de
2425085,4169115,fr
265,4169573,de
2425086,4169573,fr
2425087,4169646,fr
4980689,4169646,it
266,4169662,de
2425088,4169662,fr
2425089,4169751,fr
4980690,4169751,it
267,000416976X,de
2425090,000416976X,fr
268,4169786,de
2425091,4169786,fr
2425092,4169859,fr
4980691,4169859,it
269,4170342,de
2425093,4170342,fr
270,4171055,de
2425094,4171055,fr
271,4171128,de
2425095,4171128,fr
272,4171187,de
2425096,4171187,fr
273,4171195,de
2425097,4171195,fr
274,4171330,de
2425098,4171330,fr
275,000417156X,de
2425099,000417156X,fr
276,4171578,de
2425100,4171578,fr
277,4171608,de
2425101,4171608,fr
278,4171675,de
2425102,4171675,fr
279,4171683,de
2425103,4171683,fr
280,4171691,de
2425104,4171691,fr
281,4171713,de
2425105,4171713,fr
282,000417173X,de
2425106,000417173X,fr
283,4171780,de
2425107,4171780,fr
284,4171802,de
2425108,4171802,fr
285,4171853,de
2425109,4171853,fr
286,4171985,de
2425110,4171985,fr
287,4172019,de
2425111,4172019,fr
288,4172043,de
2425112,4172043,fr
289,000417206X,de
2425113,000417206X,fr
290,4172078,de
2425114,4172078,fr
291,4172175,de
2425115,4172175,fr
292,4172191,de
2425116,4172191,fr
293,4172256,de
2425117,4172256,fr
294,4172264,de
2425118,4172264,fr
295,4172302,de
2425119,4172302,fr
296,4172353,de
2425120,4172353,fr
297,000417237X,de
2425121,000417237X,fr
298,4172396,de
2425122,4172396,fr
299,000417240X,de
2425123,000417240X,fr
300,4172426,de
2425124,4172426,fr
301,4172442,de
2425125,4172442,fr
302,4172469,de
2425126,4172469,fr
303,4172507,de
2425127,4172507,fr
304,4172515,de
2425128,4172515,fr
305,4172558,de
2425129,4172558,fr
306,4172566,de
2425130,4172566,fr
307,4172612,de
2425131,4172612,fr
308,4172620,de
2425132,4172620,fr
309,4172655,de
2425133,4172655,fr
310,4172671,de
2425134,4172671,fr
311,000417268X,de
2425135,000417268X,fr
312,4172698,de
2425136,4172698,fr
313,4172701,de
2425137,4172701,fr
314,000417271X,de
2425138,000417271X,fr
315,4172736,de
2425139,4172736,fr
316,4172744,de
2425140,4172744,fr
317,4172833,de
2425141,4172833,fr
318,4172841,de
2425142,4172841,fr
319,4172884,de
2425143,4172884,fr
320,4172906,de
2425144,4172906,fr
321,4172922,de
2425145,4172922,fr
322,4172930,de
2425146,4172930,fr
323,4172957,de
2425147,4172957,fr
324,4172973,de
2425148,4172973,fr
325,4173082,de
2425149,4173082,fr
326,4173090,de
2425150,4173090,fr
327,4173120,de
2425151,4173120,fr
328,4173163,de
2425152,4173163,fr
329,000417318X,de
2425153,000417318X,fr
330,4173198,de
2425154,4173198,fr
331,4173201,de
2425155,4173201,fr
332,4173228,de
2425156,4173228,fr
333,4173252,de
2425157,4173252,fr
334,4173295,de
2425158,4173295,fr
335,4173309,de
2425159,4173309,fr
336,4173325,de
2425160,4173325,fr
337,4173333,de
2425161,4173333,fr
338,000417335X,de
2425162,000417335X,fr
339,4173376,de
2425163,4173376,fr
340,4173384,de
2425164,4173384,fr
341,4173406,de
2425165,4173406,fr
342,4173430,de
2425166,4173430,fr
343,4173473,de
2425167,4173473,fr
344,4173538,de
2425168,4173538,fr
345,4173589,de
2425169,4173589,fr
346,4173643,de
2425170,4173643,fr
347,4173899,de
2425171,4173899,fr
348,4174194,de
2425172,4174194,fr
349,4174348,de
2425173,4174348,fr
350,4174380,de
2425174,4174380,fr
4980692,4174380,it
2425175,4174399,fr
4980693,4174399,it
351,4174453,de
2425176,4174453,fr
2425177,4174496,fr
4980694,4174496,it
352,4174518,de
2425178,4174518,fr
353,4174542,de
2425179,4174542,fr
354,4174933,de
2425180,4174933,fr
355,4175360,de
2425181,4175360,fr
356,4175387,de
2425182,4175387,fr
357,4175522,de
2425183,4175522,fr
358,4175778,de
2425184,4175778,fr
359,4175794,de
2425185,4175794,fr
360,4175816,de
2425186,4175816,fr
361,4175972,de
2425187,4175972,fr
362,4176170,de
2425188,4176170,fr
363,4176324,de
2425189,4176324,fr
2425190,4176367,fr
4980695,4176367,it
2425191,4176421,fr
4980696,4176421,it
364,4176448,de
2425192,4176448,fr
365,4176731,de
2425193,4176731,fr
366,4176839,de
2425194,4176839,fr
367,4176847,de
2425195,4176847,fr
368,4176960,de
2425196,4176960,fr
369,4176995,de
2425197,4176995,fr
370,4177118,de
2425198,4177118,fr
371,4177134,de
2425199,4177134,fr
372,4177347,de
2425200,4177347,fr
2425201,4177371,fr
4980697,4177371,it
2425202,4177649,fr
4980698,4177649,it
373,4177940,de
2425203,4177940,fr
374,4177967,de
2425204,4177967,fr
375,4177975,de
2425205,4177975,fr
376,4178033,de
2425206,4178033,fr
377,000417805X,de
2425207,000417805X,fr
378,4178084,de
2425208,4178084,fr
379,4178459,de
2425209,4178459,fr
380,4178491,de
2425210,4178491,fr
381,4178564,de
2425211,4178564,fr
382,4178645,de
2425212,4178645,fr
383,000417870X,de
2425213,000417870X,fr
384,4178750,de
2425214,4178750,fr
385,4179943,de
2425215,4179943,fr
2425216,4180542,fr
4980699,4180542,it
386,4182154,de
387,4182170,de
2425217,4182170,fr
388,4182197,de
2425218,4182197,fr
389,4182510,de
2425219,4182510,fr
390,4182634,de
2425220,4182634,fr
391,4183614,de
2425221,4183614,fr
392,4184289,de
2425222,4184289,fr
393,4184866,de
2425223,4184866,fr
394,4200101,de
2425224,4200101,fr
395,4200128,de
2425225,4200128,fr
396,4200624,de
2425226,4200624,fr
4980700,4200624,it
397,4200675,de
2425227,4200675,fr
398,4200756,de
2425228,4200756,fr
399,4200764,de
2425229,4200764,fr
400,4201183,de
2425230,4201183,fr
2425231,4201604,fr
4980701,4201604,it
401,4201612,de
2425232,4201612,fr
402,4202406,de
2425233,4202406,fr
403,4206827,de
2425234,4206827,fr
404,4207181,de
2425235,4207181,fr
405,000420736X,de
2425236,000420736X,fr
406,4208625,de
2425237,4208625,fr
407,4209508,de
2425238,4209508,fr
408,4209656,de
2425239,4209656,fr
409,4210778,de
2425240,4210778,fr
410,4211170,de
2425241,4211170,fr
411,4211308,de
2425242,4211308,fr
412,4211421,de
2425243,4211421,fr
413,000421143X,de
2425244,000421143X,fr
414,4211472,de
2425245,4211472,fr
415,4211596,de
2425246,4211596,fr
416,4211618,de
2425247,4211618,fr
417,4211634,de
2425248,4211634,fr
418,4211650,de
2425249,4211650,fr
419,4211669,de
2425250,4211669,fr
420,4211715,de
2425251,4211715,fr
421,4211723,de
2425252,4211723,fr
422,4211782,de
2425253,4211782,fr
423,4211812,de
2425254,4211812,fr
424,4211855,de
2425255,4211855,fr
425,4211863,de
2425256,4211863,fr
426,4212029,de
2425257,4212029,fr
427,4480007,de
2425258,4480007,fr
428,4480422,de
2425259,4480422,fr
2425260,4480570,fr
4980702,4480570,it
429,4481127,de
2425261,4481127,fr
430,4481429,de
2425262,4481429,fr
431,4482093,de
2425263,4482093,fr
2425264,4482174,fr
4980703,4482174,it
2425265,4482190,fr
4980704,4482190,it
2425266,4482204,fr
4980705,4482204,it
432,4484029,de
2425267,4484029,fr
433,4484320,de
2425268,4484320,fr
434,4484339,de
2425269,4484339,fr
435,4484347,de
2425270,4484347,fr
2425271,4484355,fr
4980706,4484355,it
436,4484428,de
2425272,4484428,fr
437,4484436,de
2425273,4484436,fr
2425274,4484479,fr
4980707,4484479,it
438,4484568,de
2425275,4484568,fr
439,4484576,de
2425276,4484576,fr
440,4484584,de
2425277,4484584,fr
2425278,4484592,fr
4980708,4484592,it
441,4484606,de
2425279,4484606,fr
442,4484622,de
2425280,4484622,fr
443,4484649,de
2425281,4484649,fr
444,4484657,de
2425282,4484657,fr
445,4484665,de
2425283,4484665,fr
446,4484681,de
2425284,4484681,fr
447,4484894,de
2425285,4484894,fr
448,4484924,de
2425286,4484924,fr
449,4485742,de
2425287,4485742,fr
450,4486072,de
2425288,4486072,fr
